<?xml version="1.0" encoding="UTF-8"?><rss version="2.0"
	xmlns:content="http://purl.org/rss/1.0/modules/content/"
	xmlns:wfw="http://wellformedweb.org/CommentAPI/"
	xmlns:dc="http://purl.org/dc/elements/1.1/"
	xmlns:atom="http://www.w3.org/2005/Atom"
	xmlns:sy="http://purl.org/rss/1.0/modules/syndication/"
	xmlns:slash="http://purl.org/rss/1.0/modules/slash/"
	>

<channel>
	<title>Info &#8211; computerlab DOC</title>
	<atom:link href="/category/computer-lab-booking/info/feed/" rel="self" type="application/rss+xml" />
	<link></link>
	<description></description>
	<lastBuildDate>Wed, 29 Nov 2023 04:38:45 +0000</lastBuildDate>
	<language>en-US</language>
	<sy:updatePeriod>
	hourly	</sy:updatePeriod>
	<sy:updateFrequency>
	1	</sy:updateFrequency>
	<generator>https://wordpress.org/?v=6.4.1</generator>
	<item>
		<title></title>
		<link>/2023/11/29/106/</link>
					<comments>/2023/11/29/106/#respond</comments>
		
		<dc:creator><![CDATA[admin]]></dc:creator>
		<pubDate>Wed, 29 Nov 2023 04:38:45 +0000</pubDate>
				<category><![CDATA[Info]]></category>
		<guid isPermaLink="false">http://localhost/wordpress/?p=106</guid>

					<description><![CDATA[]]></description>
										<content:encoded><![CDATA[
<pre class="wp-block-code"><code>&#91;hsas-shortcode group="" speed="10" direction="left" gap="50"]</code></pre>
]]></content:encoded>
					
					<wfw:commentRss>/2023/11/29/106/feed/</wfw:commentRss>
			<slash:comments>0</slash:comments>
		
		
			</item>
		<item>
		<title>license software&#8217;s</title>
		<link>/2023/11/27/purchase-license-softwares/</link>
					<comments>/2023/11/27/purchase-license-softwares/#respond</comments>
		
		<dc:creator><![CDATA[admin]]></dc:creator>
		<pubDate>Mon, 27 Nov 2023 08:15:52 +0000</pubDate>
				<category><![CDATA[Computer lab booking]]></category>
		<category><![CDATA[Info]]></category>
		<guid isPermaLink="false">http://localhost/wordpress/?p=23</guid>

					<description><![CDATA[]]></description>
										<content:encoded><![CDATA[
<ul>
<li>E- views 5 user license </li>



<li>stat18 &#8211;  10 user license</li>



<li>smart PLS- 1 user license</li>



<li>Amos- 3 user license</li>



<li>IBM SPSS- 20 user licesne</li>
</ul>
]]></content:encoded>
					
					<wfw:commentRss>/2023/11/27/purchase-license-softwares/feed/</wfw:commentRss>
			<slash:comments>0</slash:comments>
		
		
			</item>
		<item>
		<title>Hello</title>
		<link>/2023/11/27/hello-world/</link>
					<comments>/2023/11/27/hello-world/#respond</comments>
		
		<dc:creator><![CDATA[admin]]></dc:creator>
		<pubDate>Mon, 27 Nov 2023 07:09:55 +0000</pubDate>
				<category><![CDATA[Info]]></category>
		<guid isPermaLink="false">http://localhost/wordpress/?p=1</guid>

					<description><![CDATA[The Department of Commerce has a computer lab aided with the latest software&#8217;s necessary for business analytics as well as other statistical and accounting operations. The computer lab is connected to the internet. Software Available in Computer LAB -DOC-old Tapmi building Purchased software&#8217;s]]></description>
										<content:encoded><![CDATA[
<p>The Department of Commerce has a computer lab aided with the latest software&#8217;s necessary for business analytics as well as other statistical and accounting operations. The computer lab is connected to the internet.</p>



<p>Software Available in Computer LAB -DOC-old Tapmi building</p>



<p> Purchased software&#8217;s</p>



<ul>
<li>E &#8211; views 5 user license</li>



<li>smart PLS 1 user license</li>



<li>Amos &#8211; 3 user license</li>



<li>stata18- 10 user license</li>



<li>IBM SPSS 20 user license  </li>
</ul>



<h2 class="wp-block-heading"></h2>
]]></content:encoded>
					
					<wfw:commentRss>/2023/11/27/hello-world/feed/</wfw:commentRss>
			<slash:comments>0</slash:comments>
		
		
			</item>
	</channel>
</rss>
